{
  "buildCommand": "npm run build",
  "devCommand": "npm run dev",
  "installCommand": "npm install --legacy-peer-deps",
  "framework": "nextjs",
  "outputDirectory": ".next",
  "env": {
    "NEXT_PUBLIC_SUPABASE_URL": "https://cuuxtzzwbxazftcyjqol.supabase.co",
    "NEXT_PUBLIC_SUPABASE_ANON_KEY": "eyJhbGciOiJIUzI1NiIsInR5cCI6IkpXVCJ9.eyJpc3MiOiJzdXBhYmFzZSIsInJlZiI6ImN1dXh0enp3YnhhemZ0Y3lqcW9sIiwicm9sZSI6ImFub24iLCJpYXQiOjE3NDM1MzQ5MDUsImV4cCI6MjA1OTExMDkwNX0.Eo5ULqDxmFdqX84nVobtlsXhrEztAMBnD20ZVAYPCkw",
    "SUPABASE_SERVICE_ROLE_KEY": "eyJhbGciOiJIUzI1NiIsInR5cCI6IkpXVCJ9.eyJpc3MiOiJzdXBhYmFzZSIsInJlZiI6ImN1dXh0enp3YnhhemZ0Y3lqcW9sIiwicm9sZSI6InNlcnZpY2Vfcm9sZSIsImlhdCI6MTc0MzUzNDkwNSwiZXhwIjoyMDU5MTEwOTA1fQ.ySdyzlhWl3fgvc3LURC9LUuwIdfE6-9OmOI5iLmsvfs"
  }
} 